SIGLA	NOME CONFERÊNCIA	Qualis
21CW	IEEE Conference on Norbert Wiener in the 21st Century	B4
3DCVE	International Workshop on Collaborative Virtual Environments	B4
3DIC	3D System Integration	B1
3DIPM	Three-Dimensional Image Processing, Measurement and Applications	B5
3DOR	Eurographics Workshop on 3D Object Retrieval	B4
3DTV	3DTV Conference: The True Vision-Capture, Transmission and Display of 3D Video	B3
3DUI	IEEE Symposium on 3D User Interfaces	B1
3PGCIC	International Conference on P2P, Parallel, Grid, Cloud and Internet Computing	B2
A-TEST	International Workshop on Automating Test Case Design, Selection and Evaluation	B4
AAAI	Conference on Artificial Intelligence	A1
AAATE	Association for the Advancement of Assistive Technology in Europe Conference	B5
AAIM	International Conference on Algorithmic Aspects of Information and Management	B2
AAMAS	International Conference on Autonomous Agents and Multiagent Systems	A1
ACE	Advances in Computer Entertainment Technology	B3
ACHI	IARIA International Conference on Advances in Computer-Human Interactions	B5
ACIVS	Advanced Concepts for Intelligent Vision Systems	B2
ACL	Annual Meeting of the Association for Computational Linguistics	A1
ACM-SIGSPATIAL	International Conference on Advances in Geographic Information Systems	A1
ICN	ACM International Conference on Information-Centric Networking	A1
ACRA	Australasian Conference on Robotics and Automation	B5
ADBIS	East European Conference on Advances in Databases and Information Systems	B1
ADVANCE	International Workshop on ADVANCEs in ICT Infrastructures and Services	B4
ADHOC-NOW	The 15th International Conference on Ad Hoc Networks and Wireless - ADHOC-NOW 2016	B2
ADHOC-NOW	Ad-Hoc, Mobile and Wireless Networks	B2
ADVCOMP	" IARIA International Conference on Advanced Engineering Computing and Applications in Sciences"	B5
AGERE	Workshop on Programming based on Actors, Agents, and Decentralized Control	B2
AGI	Conference on Artificial General Intelligence	B1
AGILE	Agile Conference	B1
AH	Augmented Human International Conference	B1
AHS	Adaptive Hardware and Systems	B1
AI	Canadian Conference on Artificial Intelligence	B1
AICCSA	ACS/IEEE International Conference on Computer Systems and Applications	B2
AICT	International Conference on Application of Information and Communication Technologies	B2
AICT	IARIA Advanced International Conference on Telecommunications	B5
AIED	Artificial Intelligence in Education Conference	A2
AIIDE	"AAAI Conference on Artificial Intelligence and Interactive Digital Entertainment "	A2
AINA	IEEE International Conference on Advanced Information Networking and Applications	A2
AISEC	ACM Workshop on Artificial Intelligence and Security	B4
ALIO/EURO	Workshop on Applied Combinatorial Optimization	B5
ALLERTON	Allerton Conference on Communication, Control, and Computing	A1
AM	Audio Mostly on Interaction With Sound	B5
AMCIS	Americas Conference on Information Systems	A2
AMIA	Annual Symposium of the American Medical Informatics Association	B2
AMW	Alberto Mendelzon International Workshop on Foundations of Data Management	B2
ANTS	International Conference on Swarm Intelligence	B2
APCASE	Asia-Pacific Conference on Computer Aided System Engineering	B4
APDCM	Workshop on Advances in Parallel and Distributed Computational Models	B4
APLAS	Asian Symposium on Programming Languages and Systems	B1
ARC	International Symposium on Applied Reconfigurable Computing	B1
ARES	International Conference on Availability, Reliability and Security	A2
ArgMAS	International Workshop on Argumentation in Multiagent Systems	B5
ARRAY	IEEE International Symposium on Phased Array Systems & Technology	B3
ASAP	IEEE International Conference on Application-specific Systems, Architectures and Processors	B1
ASE	IEEE/ACM International Conference on Automated Software Engineering	A1
ASIACCS	ACM Symposium on Information, Computer and Communications Security	A1
ASIACRYPT	Annual International Conference on the Theory and Applications of Cryptology and Information Security	A1
ASONAM	IEEE/ACM International Conference on Advances in Social Networks Analysis and Mining	A2
ASPLOS	International Conference on Architectural Support for Programming Languages and Operating Systems	A1
ASSETS	International ACM SIGACCESS Conference on Computers and Accessibility	A2
ASYNC	IEEE International Symposium on Asynchronous Circuits and Systems	B2
ATC	International Conference on Advanced Technologies for Communications	B2
ATT	"International Workshop on Agents in Traffic and Transportation "	B4
BAI	Workshop on Advances in Bioinformatics and Artificial Intelligence: bridging the Gaps	B4
BCB	ACM International Conference on Bioinformatics and Computational Biology and Health Informatics	B3
BDCLOUD	International Conference on Big Data and Cloud Computing	B3
BeyondMR	Workshop on Algorithms and Systems for MapReduce and Beyond	B4
BIBE	IEEE International Conference on BioInformatics and BioEngineering	B2
BIBM	IEEE International Conference on Bioinformatics and Biomedicine	B3
BigData	IEEE International Congress on BigData	B1
BIGDSE	IEEE/ACM International Workshop on Big Data Software Engineering	B4
BigSpatial	ACM SIGSPATIAL International Workshop on Analytics for Big Geospatial Data	B4
BioCOMP	WC International Conference on Bioinformatics & Computational Biology	B5
BIOKDD	International Workshop on Biological Knowledge Discovery and Data Mining	B4
BIOSIG	International Conference of the Biometrics Special Interest Group	B1
BIOSTEC	International Joint Conference on Biomedical Engineering Systems and Technologies	B5
BIR	BIR 2014-13th International Conferences on Business Informatics Research	B2
BIR	International Conferences on Perspectives in Business Informatics Research	B2
BMEI	International Conference BioMedical Engineering and Informatics	B2
BMSB	International Symposium on Broadband Multimedia Systems and Broadcasting	B1
BMVC	British Machine Vision Conference	A1
BNAIC	Benelux Conference on Artificial Intelligence	B5
BPM	International Conference on Business Process Management	A2
BPMS2	Workshop on Social and Human Aspects of Business Process Management	B4
BRACIS	Brazilian Conference on Intelligent System (ENIAC)	B3
BrasNAM	Brazilian Workshop on Social Network Analysis and Mining	B5
BRC	ISSNIP Biosignals and Biorobotics Conference	B2
BRESCI	Brazilian e-Science Workshop	B4
BSB	Brazilian Symposium on Bioinformatics	B3
BWILD	International Workshop on Biometrics in the Wild	B4
C4BIE	International Workshop on Cloud for Business, Industry and Enterprises	B5
CAD/Graphics	International Conference on Computer-Aided Design and Computer Graphics	B3
CADMICS	Collaboration and Decision Making in Crisis Situations	C
CAIP	"International Conference on Computer Analysis of Images and Patterns "	B1
CAISE	International Conference on Advanced Information Systems Engineering	A2
CANS	International Conference on Cryptology and Network Security	B1
CARE	Workshop on Collaborative Agents Research and Development	B5
CASCON	Annual International Conference on Computer Science and Software Engineering	B1
CASE	IEEE Conference on Automation Science and Engineering	B1
CASES	International Conference on Compilers, Architecture, and Synthesis for Embedded Systems	B1
CASoN	International Conferennce on Computational Aspects of Social Networks	B1
CBEU	Congresso Brasileiro de Extensao Universitaria	C
CBIC	Congresso Brasileiro de Inteligência Computacional	B5
CBMI	International Workshop on Content-Based Multimedia Indexing	B1
CBMS	International Symposium on Computer-Based Medical Systems	B1
CBSE	International ACM Sigsoft Symposium on Component-Based Software Engineering	B1
CBSF	Congresso Brasileiro de Sistemas Fuzzy	B4
CC	International Conference on Compiler Construction	B2
CCCG	Canadian Conference on Computational Geometry	B1
CCECE	Canadian Conference on Electrical and Computer Engineering	B3
CCGrid	IEEE/ACM International Symposium on Cluster, Cloud and Grid Computing	A1
CCNC	Annual IEEE Consumer Communications & Networking Conference	A2
CDC	IEEE Conference on Decision and Control	B1
CDVE	International Conference on Cooperative Design, Visualization, and Engineering	B3
CEC	IEEE Congress on Evolutionary Computation	A1
CESI	3rd International Workshop on Conducting Empirical Studies in Industry (CESI) in conjunction with the 37th International Conference on Software Engineering (ICSE)	C
CF	ACM International Conference on Computing Frontiers	B1
CGC	"International Conference on Cloud and Green Computing "	B1
CGO	International Symposium on Code Generation and Optimization	A2
CHASE	International Workshop on Cooperative and Human Aspects of Software Engineering	B4
CHES	Conference on Cryptographic Hardware and Embedded Systems	A1
CHI	ACM Conference on Human Factors in Computing Systems	A1
CIARP	Iberoamerican Congress on Pattern Recognition	B1
CIbSE	Congresso Ibero-Americano em Engenharia de Software	B4
CIbSE	Conferencia Ibero-Americana de Software Engineering	B4
CICC	IEEE Custom Integrated Circuits Conference	A2
CICLing	International Conference on Intelligent Text Processing and Computational Linguistics	A2
CIDM	Symposium on Computational Intelligence and Data Mining	B1
CIG	IEEE Conference on Computational Intelligence and Games	A2
CIKM	ACM International Conference on Information and Knowledge Management	A1
CIMSIVP	IEEE Symposium on Computational Intelligence for Multimedia, Signal and Vision Processing	B4
CISIS	International Conference on Complex, Intelligent, and Software Intensive Systems	B1
CISTI	Iberian Conference on Information Systems and Technologies	B1
CIT	IEEE International Conference on Computer and Information Technology	B1
CIT/IUCC/DASC/PICOM	CIT, IUCC, DASC, PICOM	B4
CITS	International Conference on Computer, Information, and Telecommunication Systems	B2
CIVTS	IEEE Symposium on Computational Intelligence in Vehicles and Transportation Systems	B4
CLAIO	Latin-Ibero-American Conference on Operations Research	B5
CLCAR	Latin American Conference on High-Performance Computing	B4
CLEI	Conferencia Latinoamericana de Informática	B3
CLIHC	Latin American Conference on Human Computer Interaction	B4
CLOSER	International Conference on Cloud Computing and Services Science	A2
CloudCom	IEEE International Conference on Cloud Computing Technology and Science	A1
CLOUDCOMPUTING	IARIA International Conference on Cloud Computing, GRIDs, and Virtualization	B5
CloudNet	IEEE International Conference on Cloud Networking	B1
CLUSTER	IEEE International Conference on Cluster Computing	A2
CMSB	International Conference on Computational Methods in Systems Biology	B1
CNMAC	Congresso Nacional de Matemática Aplicada e Computacional	B5
CNSM	International Conference on Network and Service Management	A2
CobRA	International Workshop on Exploring Component-based Techniques for Constructing Reference Architectures	B5
COCOON	International Computing and Combinatorics Conference	B1
CODES+ISSS	International Conference on Hardware/Software Codesign and System Synthesis	A2
COGNISE	International Workshop on Cognitive Aspects of Information Systems Engineering	B4
COGNITIVE	IARIA International Conference on Advanced Cognitive Technologies and Applications	B5
COGSCI	Annual Meeting of the Cognitive Science Society	B2
CogSIMA	IEEE International Multi-Disciplinary Conference on Cognitive Methods in Situation Awareness and Decision Support	B1
COIN	International Workshop on Coordination, Organisations, Institutions and Norms	B4
COLING	International Conference on Computational Linguistics	A2
COLOGNETWENTE	Cologne-Twente Workshop on Graphs and Combinatorial Optimization	B3
SoCG	International Symposium on Computational Geometry	A2
CompIMAGE	International Symposium CompIMAGE	B3
COMPSAC	Annual International Computers, Software & Applications Conference	A2
CompSysTech	International Conference on Computer Systems and Technologies	B2
COMSNETS	International Conference on COMmunication Systems & NETworkS	A2
CONCUR	International Conference on Concurrency Theory	A2
CONEXT	Conference on Emerging Network Experiment and Technology	A1
CONFIRM	International Conference on Information Resources Management	B4
CONIELECOMP	International Conference on Electronics, Communications and Computers	B4
CONTECSI	International Conference on Information Systems and Technology Management	B5
CONTEXT-BPM	International Workshop on Context for Business Process Management	B5
CORAL	International Workshop on Emerging COgnitive Radio Applications and aLgorithms	B4
COSN	Conference on Online Social Networks	B2
CP	International Conference on Principles and Practice of Constraint Programming	A2
CPM	Annual Symposium on Combinatorial Pattern Matching	B1
CRIWG	International Conference on Collaboration and Technology	B3
CSA	International Conference on Computer Sciences and Applications	B4
CSC	" WC International Conference on Scientific Computing"	B5
CSCW	ACM Conference on Computer Supported Cooperative Work & Social Computing	A1
CSCWD	IEEE International Conference on Computer Supported Cooperative Work in Design	B1
CSE	International Conference on Computational Science and Engineering	B1
CSEDU	International Conference on Computer Supported Education	B3
CSEE&T	Conference on Software Engineering Education and Training	B1
CSIIRW	Annual Cyber Security and Information Intelligence Research Workshop	B2
CSMR	European Conference on Software Maintenance and Reengineering	A2
CVPR	IEEE Conference on Computer Vision and Pattern Recognition	A1
CVPRW	2015 IEEE Conference on Computer Vision and Pattern Recognition Workshops	C
DAC	Design Automation Conference	A1
DAIS	International Conference on Distributed Applications and Interoperable Systems	B2
DaMNet	Workshop on Data Mining in Networks	B4
DAPSE	International Workshop on Data Analysis Patterns in Software Engineering	B5
DAS	International Workshop on Document Analysis Systems	B1
DASCCA	the First International Conference	C
DATAANALYTICS	IARIA International Conference on Data Analytics	B5
DATE	Design, Automation and Test in Europe Conference and Exhibition	A1
DaWaK	International Conference on Big Data Analytics and Knowledge Discovery	B1
DBKDA	IARIA International Conference on Advances in Databases, Knowledge, and Data Applications	B5
DCAI	International Symposium on Distributed Computing and Artificial Intelligence	B2
DCC	Data Compression Conference	B1
DCCW	ACM Workshop on Distributed Cloud Computing	B4
DCM	International Workshop on Developments in Computational Models	B5
DCOSS	International Conference on Distributed Computing in Sensor Systems	A2
DCSS	SPIE Defence + Secutity	B5
DDECS	International Symposium on Design and Diagnostics of Electronic Circuits and Systems	B1
DEBS	International Conference on Distributed and Event-Based Systems	A2
DeMiMoP	Workshop on Decision Mining & Modeling for Business Processes	B4
DepCoS-RELCOMEX	International Conference on Dependability and Complex Systems	B3
DesafIE	Workshop de Desafios da Computação Aplicada à Educação	B4
DEXA	International Conference on Database and Expert Systems Applications	B1
DFT	IEEE International Symposium on Defect and Fault Tolerance in VLSI Systems	B1
DG.O	Annual International Conference on Digital Government Research	B1
DILS	International Conference on Data Integration in Life Sciences	B2
DMNPL	Workshop on Interactions between Data Mining and Natural Language Processing	B4
DOCENG	ACM SIGWEB International Symposium on Document Engineering	B1
DOLAP	" International Workshop On Data Warehousing and OLAP"	B1
DP	SPIE Digital Photography	B5
DRCN	International Conference on the Design of Reliable Communication Networks	B1
DroNet	Workshop on Micro Aerial Vehicle Networks, Systems, and Applications for Civilian Use	B4
DSD	Euromicro Conference on Digital System Design	B1
DSN	Annual IEEE/IFIP International Conference on Dependable Systems and Networks	A1
DSRT	IEEE/ACM International Symposium on Distributed Simulation and Real Time Applications	B2
EANN	Internation Conference on Engineering Applications of Neural Networks	B3
EASE	International Conference on Evaluation and Assessment in Software Engineering	B1
EASE	19th International Conference on EASE	B1
EATIS	Euro American Conference on Telematics and Information Systems	B3
EATIS	7th Euro American Conference	B3
ECAI	European Conference on Artificial Intelligence	A2
ECAL	European Conference on Artificial Life	B1
ECC	European Control Conference	B2
ECCE	European Conference on Cognitive Ergonomics	B2
ECCTD	European Conference on Circuit Theory and Design	B2
ECIR	European Conference on Information Retrieval	A2
ECIS	European Conference on Information Systems	A2
ECMFA	European Conference on Modelling Foundations and Applications	B1
ECML-PKDD	European Conference on Machine Learning and Principles and Practice of Knowledge Discovery in Databases	A1
ECMS	European Conference on Modelling and Simulation	B2
ECOOP	European Conference on Object-Oriented Programming	A2
ECRTS	"26th Euromicro Conference on Real-Time Systems"	A1
ECRTS	Euromicro Conference on Real-Time Systems	A1
ECSA	European Conference on Software Architecture	B1
ECSAW	European Conference on Software Architecture Workshops	B4
ECSQARU	European Conference on Symbolic and Quantitative Approaches to Reasoning and Uncertainty	B1
EDBT	International Conference on Extending Database Technology	A1
EDCC	European Dependable Computing Conference	B3
EDM	International Conference on Educational Data Mining	A2
EDOC	IEEE International Enterprise Distributed Object Computing Conference	A2
EEE	International Conference on e-Learning, e-Business, Enterprise Information Systems, and e-Government	B5
EGOV	International Conference on Electronic Government	B1
EICS	Symposium on Engineering Interactive Computing Systems	A2
EIS	SPIE Human Vision and Electronic Imaging	B5
eKNOW-IARIA	IARIA International Conference on Information, Process, and Knowledge Management	B5
EMAS	International Workshop on Engineering Multiagent Systems	B4
EMNLP	Conference on Empirical Methods in Natural Language Processing	A1
EMO	International Conference on Evolutionary Multi-Criterion Optimization	B1
ENASE	International Conference on Evaluation of Novel Approaches to Software Engineering	B2
ENERGY	IARIA International Conference on Smart Grids, Green Communications and IT Energy-aware Technologies	B5
ENIAC	Encontro Nacional de Inteligencia Artificial e Computacional	B4
EPIA	Portuguese Conference on Artificial Intelligence	B2
ER	International Conference on Conceptual Modeling	B1
ERLANG	ACM SIGPLAN Erlang Workshop	B4
ESA	European Symposium on Algorithms	A2
ESANN	European Symposium on Artificial Neural Networks, Computational Intelligence and Machine Learning	B1
e-Science	IEEE International Conference on e-Science	B1
ESEC/FSE	" Joint Meeting on European Software Engineering Conference and Foundations of Software Engineering"	A1
ESEM	ACM/IEEE International Symposium on Empirical Software Engineering and Measurement	A2
ESWC	European Semantic Web Conference	A1
E-Telemed	IARIA International Conference on eHealth, Telemedicine, and Social Medicine	B5
ETFA	IEEE International Conference on Emerging Technologies and Factory Automation	B2
ETS	European Test Symposium	B1
EUC	IEEE/IFIP International Conferences on Embedded and Ubiquitous Computing	B2
EUMAS	European Conference on Multi-Agent Systems	B2
EURO	European Conference on Operational Research	B4
EUROCG	European Workshop on Computational Geometry	B5
EuroComb	European Conference on Combinatorics, Graph Theory and Applications	B5
EuroGP	European Conference on Genetic Programming	B1
EUROITV	European Conference on Interactive TV	B3
EUROPAR	European Conference on Parallel Computing	A1
EuroPKI	European Public Key Infrastructure Workshop	B4
EuroPloP	" European Conference on Pattern Languages of Programs"	B3
EUROSYS	European Conference on Computer Systems	A1
EUSFLAT	Conference of the European Society for Fuzzy Logic and Technology	B2
EUSIPCO	European Signal Processing Conference	A2
EUVIP	European Workshop on Visual Information Processing	B2
EVA	Electronic Visualisation and the Arts	B5
EVL-BP	International Workshop on Evolutionary Business Processes	B4
EvoApplications	European Conference on the Applications of Evolutionary Computation	B1
EVOCOP	European Conference on Evolutionary Computation in Combinatorial Optimization	B1
EVOLVE	The EVOLVE International conference	B2
EWSDN	European Workshop on Software Defined Networks	B1
EWSN	European Conference on Wireless Sensor Networks	B2
EXAMPI	Workshop on Exascale MPI	B4
EXP.AT	Experiment@ International Conference	B3
FACS	International Conference on Formal Aspects of Component Software	B2
FASE	International Conference on Fundamental Approaches to Software Engineering	A2
FAW	International Frontiers of Algorithmics Workshop	B2
FCCM	IEEE Annual International Symposium on Field-Programmable Custom Computing Machines	A2
FCTA	International Conference on Fuzzy Computation Theory and Applications	B4
FDL	Forum on Specification & Design Languages	B2
FECS	WS International Conference on Frontiers in Education: Computer  Science and Computer Engineering	B5
FedCSIS	Federated Conference on Computer Science and Information Systems	B1
FG	Conference on Formal Grammar	B2
FG	IEEE International Conference on Automatic Face and Gesture Recognition	A1
FIE	IEEE Frontiers in Education Conference	B1
FLAIRS	International Florida Artificial Intelligence Conference (AAAI)	B1
FLinAI	Workshop on Fuzzy Logic in AI	B4
FLINS	International FLINS Conference on Decision Making and Soft Computing	B5
FM	International Symposium on Formal Methods	A2
FMCAD	International Conference on Formal Methods in Computer-Aided Design	A2
FOCI	IEEE Symposium on Foundations of Computational Intelligence	B4
FOFAI	International Workshop on Formal Ontologies for Artificial Intelligence	B4
FOIS	International Conference on Formal Ontology in Information Systems	B4
FPL	International Conference on Field-Programmable Logic and Applications	A2
FSKD	International Conference on Fuzzy Systems and Knowledge Discovery	B1
FSTTCS	Annual Conference on Foundations of Software Technology and Theoretical Computer Science	B1
FUSION	International Conference on Information Fusion	A1
FUZZIEEE	IEEE International Conference on Fuzzy Systems	B1
GCCE	IEEE Global Conference on Consumer Electronics	B4
GECCO	Genetic and Evolutionary Computation Conference	A1
GeoInfo	Brazilian Symposium on GeoInformatics	B5
GeoPrivacy	Workshop on Privacy in Geographic Information Collection and Analysis	B4
GeoProcessing	IARIA International Conference on Advanced Geographic Information Systems, Applications, and Services	B5
GIIS	Global Information Infrastructure and Networking Symposium	B2
GlobalSIP	Global Conference on Signal and Information Processing	B1
GLOBECOM	IEEE Global Communications Conference	A1
GLSVLSI	ACM Great Lakes Symposium on VLSI	B1
GPC	International Conference on Grid And Pervasive Computing	B2
GPCE	ACM International Conference on Generative Programming: Concepts and Experiences	B2
GRAPHICSI	Graphics Interface	B1
GRAPHICSINTERFACE	"Graphics Interface - International Conference on Graphics, Visualization, Human-Computer Interaction"	B1
GRAPP	International Conference on Computer Graphics Theory and Applications	B2
GI	International Conference on Graphics, Visualization, & Human-Computer Interaction	B1
GREENS	International Workshop on Green and Sustainable Software	B4
GROUP	International Conference on Supporting Group Work	B2
HAIS	International Conference on Hybrid Artificial Intelligence Systems	B1
HASE	IEEE International Symposium on High Assurance Systems Engineering	B1
Hcomp	Conference on Human Computation and Crowdsourcing	B1
HealthCom	IEEE International Conference on E-health Networking, Application & Services	B2
HICSS	Hawaii International Conference on System Sciences	A1
HiPC	IEEE International Conference on High Performance Computing	B1
HIS	International Conference on Hybrid Intelligent Systems	B2
HLT	International Conference Baltic Human Language Technology	A1
HotNets	ACM Workshop on Hot Topics in Networks	A1
HPCC	International Conference on High Performance Computing and Communications	A2
HPCA	2015 IEEE  21st International Symposium on High Performance Computer Architecture	A1
HPCA	IEEE  International Symposium on High Performance Computer Architecture	A1
HPCS	International Conference on High Performance Computing & Simulation	B1
HPDC	International Symposium on High Performance Distributed Computing	A1
HPPN	Workshop on High Performance and Programmable Networking	B5
HT	ACM Conference on Hypertext and Social Media	A2
HUMANCOM	International Conference on Human-centric Ubiquitous Computing and Applications	B5
I2MTC	IEEE International Instrumentation and Measurement Technology Conference	A2
I3D	ACM Symposium on Interactive 3D Graphics and Games	A2
ICEEG	International Conference on e-Commerce, e-Business, and e-Government	B3
IAS	Industry Applications Society Annual Meeting	B2
IAT	IEEE/WIC/ACM International Conference on Intelligent Agent Technology	B1
IBERAMIA	Ibero-American Conference on Artificial Intelligence	B2
Iberchip	Iberchip Workshop	B5
IbPRIA	Iberian Conference on Pattern Recognition and Image Analysis	B2
ICAART	International Conference on Agents and Artificial Intelligence	B1
ICAI-WC	International Conference on Artificial Intelligence	B5
ICAISC	International Conference on Artificial Intelligence and Soft Computing	A2
ICALT	IEEE International Conference on Advanced Learning Technologies	B1
ICANN	International Conference on Artificial Neural Networks	B1
ICAR	International Conference on Advanced Robotics	B1
ICARSC	IEEE International Conference on Autonomous Robot Systems and Competitions	B5
ICAS	IARIA International Conference on Autonomic and Autonomous Systems	B5
ICASSP	IEEE International Conference on Acoustics, Speech and Signal Processing	B1
ICAT	International Conference on Artificial Reality and Telexistence	B2
ICB	International Conference on Biometrics	A2
ICC	IEEE International Conference on Communications	A1
ICCA	International Conference on Control and Automation	B1
ICCAD	IEEE/ACM International Conference on ComputerAided Design	A1
ICCCN	International Conference on Computer Communications and Networks	A2
ICCD	International Conference on Computer Design	A2
ICCDCS	International Caribbean Conference on Devices, Circuits and Systems	B3
ICCE	IEEE International Conference on Consumer Electronics	B5
ICCEBerlin	IEEE International Conference on Consumer Electronics Berlin	B3
ICCP	IEEE International Conference on Intelligent Computer Communication and Processing	B2
ICCPS	International Conference on Cyber-Physical Systems	B2
ICCS	International Conference on Computational Science	A1
ICCSA	International Conference on Computational Science and Its Applications	B1
ICCSIT	International Conference on Computer Science and Information Technology	B4
ICCVE	International Conference on Connected Vehicles & Exp	B4
ICCW	IEEE International Conference on Communications Workshops	B4
ICDAR	International Conference on Document Analysis and Recognition	A1
ICDCS	International Conference on Distributed Computing Systems	A1
ICDE	IEEE International Conference on Data Engineering	A1
ICDM	IEEE International Conference on Data Mining	A1
ICDP	International Conference on Imaging for Crime Detection and Prevention	B5
ICDS	IARIA International Conference on Digital Society	B5
DSP	IEEE International Conference on Digital Signal Processing	B1
ICEBE	International Conference on e-Business Engineering	B1
ICEC	IFIP International Conference on Entertainment Computing	B1
ICECS	IEEE International Conference on Electronics, Circuits and Systems	B2
ICED	International Conference on Engineering Design	B3
ICEIS	International Conference on Enterprice Information Systems	B2
ICFEM	International Conference on Formal Engineering Methods	B1
ICFHR	International Conference on Frontiers in Handwriting Recognition	B1
ICGSE	IEEE International Conference on Global Software Engineering	B1
ICIAP	International Conference on Image Analysis and Processing	B1
ICIAR	International Conference on Image Analysis and Recognition	B1
ICIC	International Conference on Intelligent Computing	B1
ICIEOM	International Conference on Industrial Engineering and Operations Management	B5
ICIIP	International Conference on Image Information Processing	B3
ICINCO	International Conference on Informatics in Control, Automation and Robotics	B2
ICIP	IEEE International Conference on Image Processing	A1
ICIQ	International Conference on Information Quality	B5
ICIS	International Conference on Computer and Information Science	A1
ICIST	International Conference on Information and Software Technologies	B3
ICIT	IEEE International Conference on Industrial Technology	B3
ICITST	International Conference for Internet Technology and Secured Transactions	B1
ICIW	IARIA International Conference on Internet and Web Applications and Services	B5
ICLP	International Conference on Logic Programming	B2
ICM	International Conference on Microelectronics	B2
ICMC	International Computer Music Conference	B2
ICME	IEEE International Conference on Multimedia and Expo	B2
ICML	International Conference on Machine Learning	A1
ICMLA	IEEE International Conference on Machine Learning and Applications	B1
ICMR	"ACM International Conference on Multimedia Information Retrieval "	A1
ICN	IARIA International Conference on Networks	B5
ICNC	International Conference on Computing, Networking and Communications	A2
ICNC-FSKD	International Conference on Natural Computation	B1
ICNS	IARIA International Conference on Networking and Services	B5
ICONIP	International Conference on Neural Information Processing	B1
ICONS	IARIA International Conference on Systems	B5
ICPADS	International Conference on Parallel and Distributed Systems	A2
ICPC	International Conference on Program Comprehension	A2
ICPE	International Conference on Performance Engineering	A2
ICPP	International Conference on Parallel Processing	A1
ICPR	International Conference on Pattern Recognition	A2
ICRA	IEEE International Conference on Robotics and Automation	B1
ICSC	International Conference on Semantic Computing	B1
ICSE	International Conference on Software Engineering	A1
ICSEA	IARIA International Conference on Software Engineering Advances	B5
ICSI	International Conference on Swarm Intelligence	B1
ICSME	IEEE International Conference on Software Maintenance and Evolution	A1
ICSNC	IARIA International Conference on Systems and Networks Communications	B5
ICSOB	International Conference on Software Business	B2
ICSOC	International Conference on Service Oriented Computing	A2
ICSOFT	International Conference on Software and Data Technologies	B2
ICSR	International Conference on Software Reuse	B2
ICSSSM	International Conference on Service Systems and Service Management	B2
ICST	International Conference on Sensing Technology	B1
ICST	IEEE International Conference on Software Testing, Verification and Validation	A2
ICT	International Conference on Telecommunications	B1
ICTAC	International Colloquium on Theoretical Aspects of Computing	B2
ICTAI	IEEE International Conference on Tools with Artificial Intelligence	B1
ICTIR	International Conference on the Theory of Information Retrieval	B2
ICTON	International Conference on Transparent Optical Networks	B1
ICTSS	IFIP International Conference on Testing Software and Systems	B2
ICUAS	International Conference on Unmanned Aircraft Systems	B3
ICUMT	International Conference on Ultra Modern Telecommunications	B3
ICVR	International Conference on Virtual Rehabilitation	B2
ICVS	International Conference on Computer Vision Systems	B1
ICWE	International Conference on Web Engineering	B1
ICWMC	IARIA International Conference on Wireless and Mobile Communications	B5
ICWN	WC International Conference on Wireless Networks	B5
ICWS	IEEE International Conference on Web Services	A2
ICWSM	International AAAI Conference on Weblogs and Social Media	A1
IDC	International Symposium on Intelligent Distributed Computing	B2
IDCS	International Conference on Internet and Distributed Computing Systems	B3
IDEAL	International Conference on Intelligent Data Engineering and Automated Learning	B2
IDEAS	International Database Engineering and Applications Symposium	B2
IEA/AIE	International Conference on Industrial Engineering & Other Applications of Applied Intelligence Systems	B3
IECON	Annual Conference of the IEEE Industrial Electronics Society	B2
IEEEE CLOUD	"IEEE International Conference on Cloud Computing "	A1
IA	IEEE Symposium on Intelligent Agents	B4
IEEENANO	International Conference on Nanotechnology	B1
SCC	IEEE International Conference on Services Computing	A2
iEMSs	International Congress on Environmental Modelling & Software	B5
IFAC	World Congress of the International Federation  of Automatic Control	B2
IFM	International Conference on Integrated Formal Methods	B2
IFUZZY	International Conference on Fuzzy Theory and its Applications	B3
IGARSS	IEEE International Geoscience and Remote Sensing Symposium	B2
IGIC	IEEE International Games Innovation Conference	B2
IHM	Conférence Francophone sur l’Interaction Homme-Machine	B3
IHC	IHC'2016	B2
IHC	Simpósio Brasileiro sobre Fatores Humanos em Sistemas Computacionais	B2
IISA	International Conference on Information, Intelligence, Systems and Applications	B2
IISWC	IEEE International Symposium on Workload Characterization	A2
iiWAS	International Conference on Information Integration and Web-based Applications & Services	B1
IJCAI	International Joint Conference on Artificial Intelligence	A1
IJCCI	International Joint Conference on Computational Intelligence	B3
IJCNN	IEEE International Joint Conference on Neural Networks	A1
IM	IFIP/IEEE International Symposium on Integrated Network Management	A2
IMC	ACM Internet Measurement Conference	A1
IMIS	International Conference on Innovative Mobile and Internet Services in Ubiquitous Computing	A2
IMOC	SBMO/IEEE MTT-S International Microwave and Optoelectronics Conference	B4
IMR	International Meshing Roundtable and User Forum	B1
INCOS	International Conference on Intelligent Networking and Collaborative Systems	B1
INDIN	IEEE International Conference on Industrial Informatics	B1
INDUSCON	International Conference on Industry Applications	B4
INFOCOM	IEEE International Conference on Computer Communications	A1
INNOV	IARIA International Conference on Communications, Computation, Networks and Technologies	B5
INTECH	International Conference on Innovative Computing Technology	B3
INTELLI	IARIA International Conference on Intelligent Systems and Applications	B5
INTERACT	IFIP TC 13 International Conference on Human-Computer Interaction	A2
INTERSPEECH	Conference of the International Speech Communication Association	A1
IOLTS	IEEE International On-Line Testing Symposium	B1
IoTAAL	Workshop on Internet of Things for Ambient Assisted Living	B5
IPCCC	International Performance, Computing, and Communications Conference	B1
IPCV	WC International Conference on Image Processing, Computer Vision, and Pattern Recognition (WC)	B5
IPDPS	IEEE International Parallel & Distributed Processing Symposium	A1
IPDPSW	IEEE International Parallel & Distributed Processing Symposium Workshops	B4
IPSN	International Conference on Information Processing in Sensor Networks	A1
IPVC	WC International Conference on Image Processing, Computer Vision, and Pattern Recognition	B5
IRI	IEEE International Conference on Information Reuse and Integration	B1
IROS	IEEE/RSJ International Conference on Intelligent Robots and Systems	A1
ISAAC	International Symposium Algorithms and Computation	B1
ISBI	IEEE International Symposium on Biomedical Imaging	B2
ISBRA	International Symposium on Bioinformatics Research and Applications	B4
ISCA	International Symposium on Computer Architecture	A1
ISCAS	IEEE International Symposium on Circuits and Systems	A1
ISCAW	"Image-Based Smart City Application Workshop "	B5
ISCC	International Symposium on Computers and Communications	A2
ISCIS	International Symposium on Computer and Information Sciences	B2
ISCO	International Symposium on Combinatorial Optimization	B3
ISCRAM	International Conference on Information Systems for Crisis Response and Management	B4
ISDA	International Conference on Intelligent Systems Design and Applications	B1
ISD	International Conference on Information Systems Development	B3
ISEOLE	International Workshop on Intelligent Support in Exploratory and Open-Ended Learning Environments	B4
ISGT-Europe	IEEE International Conference on Innovative Smart Grid Technologies	B2
ISI	IEEE International Conference on Intelligence and Security Informatics	B1
ISIE	IEEE International Symposium on Industrial Electronics	B3
ISIT	International Symposium on Information Theory	A1
ISLPED	International Symposium on Low Power Electronics and Design	A2
ISM	IEEE International Symposium on Multimedia	B1
ISMIR	International Society for Music Information Retrieval Conference	A1
ISMIS	International Symposium on Methodologies for Intelligent Systems	B2
ISMM	International Symposium on Mathematical Morphology	B3
ISNN	International Symposium on Neural Networks	B1
ISORC	"IEEE International Symposium on RealTime Distributed Computing "	B1
ISPASS	International Symposium on Performance Analysis of Systems and Software	A2
ISPD	ACM International Symposium on Physical Design	B1
ISPDC	International Symposium on Parallel and Distributed Computing	B1
ISQED	International Symposium on Quality Electronic Design	B1
ISSI	International Society of Scientometrics and Informetrics Conference	B3
ISSRE	IEEE International Symposium on Software Reliability Engineering	A2
IST	International Conference on Imaging Systems and Techniques	B2
iStar	International  i*Workshop	B3
ISVC	International Symposium on Visual Computing	B1
ISVLSI	IEEE Computer Society Annual Symposium on VLSI	B1
ISWC	International Semantic Web Conference	A1
ISWCS	International Symposium on Wireless Communication Systems	A2
ISWPC	International Symposium on Wireless and Pervasive Computing	B5
ITA	International Conference on Internet Technologies and Applications	B4
ITHET	International Conference on Information Technology Based Higher Education and Training	B2
ITiCSE	ACM Conference on Innovation and Technology in Computer Science Education	A2
ITNG	International Conference on Information Technology : New Generations	B1
ITNG	ITNG - 2015 12th International Conference on Information Technology	B1
ITS	International Conference on Intelligent Tutoring Systems	B1
ITSC	IEEE International Conference on Intelligent Transportation Systems	B2
IUI	International Conference on Intelligent User Interfaces	A2
IV	International Conference on Information Visualisation	B1
IVAPP	International Conference on Information Visualization Theory and Applications	B2
IVS	Intelligent Vehicles Symposium	B1
IWANN	International Work-Conference on Artificial and Natural Neural Networks	B2
IWBBIO	International Work-Conference on Bioinformatics and Biomedical Engineering	B2
IWCMC	International Conference on Wireless Communications and Mobile Computing	A2
IWEC	International Workshop on Entertainment Computing	B1
IWLS	International Workshop on Logic and Synthesis	B4
IWPSE	International Workshop on Principles of Software Evolution	B5
IWS	Iberchip Workshop	B5
IWSSIP	International Conference on Systems, Signals and Image Processing	B1
JCDL	ACM/IEEE Joint Conference on Digital Libraries	A2
JCSSE	International Joint Conference on Computer Science and Software Engineering	B2
KDD	ACM SIGKDD Conference on Knowledge Discovery and Data Mining	A1
KES	International Conference on Knowledge-Based and Intelligent Information & Engineering Systems	B1
KES-AMSTA	International KES Conference on Agents and Multi-Agent Systems: Technologies and Applications	B2
KMO	International Conference on Knowledge Management in Organizations	B3
KnowLOD	Workshop on Knowledge Discovery and Data Mining Meets Linked Open Data	B4
KR	International Conference on Principles of Knowledge Representation and Reasoning	A2
LA-CCI	Latin American Conference on Computational Intelligence	B4
LA-WEB	Latin American Web Congress	B3
LACLO	Latin American Conference on Learning Objects and Technologies	B4
LADC	Latin-American Symposium on Dependable Computing	B3
LAFM	Latin American Workshop on Formal Methods	B5
LAGOS	Latin-American Algorithms, Graphs and Optimization Symposium	B3
LAK	International Learning Analytics and Knowledge Conference	A1
LANC	Latin American Networking Conference	B3
LANMR	Latin American Workshop on Logic/Languages, Algorithms and New Methods of Reasoning	B5
LANOMS	Latin-American Network Operations and Management Symposium	B5
LASCAS	IEEE Latin American Symposium on Circuits and Systems	B2
LATIN	Latin American Symposium on Theoretical Informatics	B1
LATINCOM	IEEE  Latin-American Conference on Communications	B2
LATINCRYPT	International Conference on Cryptology and Information Security in Latin America	B3
LATW	Latin American Test Workshop	B2
LAWGC	Latin American Workshop on Cliques in Graphs	B5
LCN	IEEE Conference on Local Computer Networks	B1
LION	Learning and Intelligent Optimization Conference	B1
LISS	International Conference on Logistics, Informatics and Services Sciences	B5
LPNMR	International Conference on Logic Programming and Non-monotonic Reasoning	B1
LREC	International Conference on Language Resources and Evaluation	A1
M&N	IEEE International Workshop on Measurements & Networking	B3
MASCOTS	International Symposium on the Modeling, Analysis, and Simulation of Computer and Telecommunication Systems	A2
MASLE	Workshop in Multiagent System Based Learning Environments	B5
MATES	German Conference on Multiagent System Technologies	B2
MCPR	Mexican Conference on Pattern Recognition	B2
MDAI	International Conference on Modeling Decisions for Artificial Intelligence	B2
MDM	IEEE International Conference on Mobile Data Management	A2
MEDES	International Conference on Management of Emergent Digital EcoSystems	B2
Med-Hoc-Net	Annual Mediterranean Ad Hoc Networking Workshop	B1
MeMeA	IEEE International Symposium on Medical Measurements and Applications	B3
MobileHCI	"International Conference on Human-Computer Interaction with Mobile Devices and Services Adjunct "	A1
MICAI	Mexican International Conference on Artificial Intelligence	B1
MICCAI	International Conference on Medical Image Computing and Computer Assisted Intervention	B1
MIDDLEWARE	International Middleware Conference	A2
MIG	ACM Siggraph Conference on Motion in Games	B2
MIG	ACM Siggraph Internation Conference	B2
MISE	Workshop on Modeling in Software Engineering	B4
MLDM	International Conference on Machine Learning and Data Mining	B2
MLSP	International Workshop on Machine Learning for Signal Processing	B1
MMM	International Conference on Multimedia Modelling	B1
MMSP	International Workshop on Multimedia and Signal Processing	B1
MMSys	ACM Multimedia Systems Conference	A2
MobiArch	Workshop on Mobility in the Evolving Internet Architecture	B4
MOBICOM	ACM/IEEE International Conference on Mobile Computing and Networking	A1
MobiQuitous	International Conference on Mobile and Ubiquitous Systems: Computing, Networking and Services	B1
MOBIWAC	ACM International Symposium on Mobility Management and Wireless Access	B2
MODELS	International Conference on Model Driven Engineering Languages and Systems	A2
MODULARITY	International Conference on Modularity	A2
MS	IEEE International Conference on Mobile Services	B2
MSSUW	IEEE MS Special Track on Services for the Ubiquitous Web	B5
MSN	IEEE International Conference on Mobile Ad-Hoc and Sensor Networks	B2
MSR	Working Conference on Mining Software Repositories	A1
MSV	WC International Conference on Modeling, Simulation and Visualization Methods	B5
MSWiM	ACM International Conference on Modeling, Analysis and Simulation of Wireless and Mobile Systems	B1
MTD	International Workshop on Managing Technical Debt	B4
MTSR	International Conference on Metadata and Semantics Research	B2
MULTIPROG	Workshop on Programmability Issues for Heterogeneous Multicore	B4
MUM	International Conference on Mobile and Ubiquitous Multimedia	B1
MWSCAS	International Midwest Symposium on Circuits and Systems	B1
NaBIC	World Congress on Nature and Biologically Inspired Computing	B2
NAFIPS	Annual Conference of the North American Fuzzy Information Processing Society	B2
NCA	IEEE International Symposium on Network Computing and Applications	B2
Networking	IFIP Networking Conference	A2
NETWORKS	International Telecommunications Network Strategy and Planning Symposium	B3
NEWCAS	IEEE International New Circuits and Systems Conference	B2
NFM	NASA Formal Methods Symposium	A2
NFMCP	" International Workshop on New Frontiers in Mining Complex Patterns"	B4
NLDB	International Conference on Application of Natural Language to Information Systems	B1
NLPCS	International Workshop on Natural Language Processing and Cognitive Science	B5
NOF	International Conference on Network of the Future	B2
NOMS	IEEE/IFIP Network Operations and Management Symposium	A2
NRW	Asia Pacific Advanced Network Research Workshop	B5
NTMS	IFIP International Conference on New Technologies, Mobility and Security	B1
OOPSLA	Conference on Object-Oriented Programming Systems, Languages, and Applications	A1
OPODIS	International Conference on Principles of Distributed Systems	B1
OR	International Conference on Operations Research	B2
OSS	International Conference on Open Source Systems	B2
P2P	International Conference on Peer-to-Peer Computing	B1
PAAMS	International Conference on Practical Applications of Agents, Multi-Agent Systems and Sustainability	B2
PAAMSW	International Workshops of Practical Applications of Agents, Multi-Agent Systems, and Sustainability	B5
PacificVis	IEEE Pacific Visualization Symposium	A2
PACT	International Conference on Parallel Computing Technologies	B1
PADS	ACM SIGSIM Conference on Principles of Advanced Discrete Simulation	B1
PAKDD	Pacific-Asia Conference on Knowledge Discovery and Data Mining	A2
PAM	Passive and Active Network Measurement Conference	A2
ParCO	International Conference on Parallel Computing	B2
PATAT	International Conference on the Practice and Theory of Automated Timetabling	B5
PATMOS	International Workshop on Power and Timing Modeling, Optimization and Simulation	B3
PCS	Picture Coding Symposium	B1
PDCAT	International Conference on Parallel and Distributed Computing, Applications and Technologies	B1
PDP	Euromicro International Conference on Parallel, Distributed and Network-Based Processing	A2
PDPTA	WC International Conference on Parallel and Distributed Processing Techniques and Applications	B5
PE-WASUM	ACM International Symposium on Performance Evaluation of Wireless Ad Hoc, Sensor, and Ubiquitous Networks	B2
PERCOM	International Conference on Pervasive Computing and Communications	A1
PETRA	ACM International Conference on PErvasive Technologies Related to Assistive Environments	B1
PIMRC	International Symposium on Personal, Indoor and Mobile Radio Communications	A1
PLATEAU	Workshop on Evaluation and Usability of Programming Languages and Tools	B4
PLDI	SIGPLAN Conference on Programming Language Design and Implementation	A1
PLOP	Conference on Pattern Languages of Programs	B2
POPL	Symposium on Principles of Programming Languages	A1
PPoPP	ACM SIGPLAN Symposium on Principles and Practice of Parallel Programming	A1
PRDC	Pacific Rim International Symposium on Dependable Computing	B1
PRIMA	International Conference on Principles and Practice of Multi-Agent Systems		B2
PROFES	International Conference on Product-Focused Software Process Improvement	B2
PROMISE	International Conference on Predictive Models and Data Analytics in Software Engineering	B2
PST	Annual Conference on Privacy, Security and Trust	B1
QEST	International Conference on Quantitative Evaluation of Systems	B1
QoMEX	International Workshop on Quality of Multimedia Experience	B3
QoSA	International ACM Sigsoft Conference on the Quality of Software Architectures	B2
QUATIC	International Conference on Quality of Information and Communications Technology	B2
RANLP	"International Conference on Recent Advances in Natural Language Processing "	B1
RCIS	International Conference on Research Challenges in Information Science	B1
RE	International Requirements Engineering Conference	A2
RECOMB	International Conference on Research in Computational Molecular Biology	A2
RECONFIG	International Conference on Reconfigurable Computing and FPGAs	B1
RecSYS	ACM Conference on Recommender Systems	A1
REFSQ	International Working Conference on Requirements Engineering: Foundations for Software Quality	B1
REM	Workshop on Reactivity, Events and Modularity	B5
RESER	International Workshop on Replication in Empirical Software Engineering Research	B5
RFID	IEEE International Conference on RFID	B1
RoboCup	Robocup International Symposium	B1
ROSE	International Symposium on Robotic and Sensors Environments	B2
RSP	International Symposium on Rapid System Prototyping	B2
RTCSA	International Conference on Embedded and Real-Time Computing Systems and Applications	B1
RTSS	Real-Time Systems Symposium	A2
SAC	ACM Symposium on Applied Computing	A1
SAC	the 30th Annual ACM Symposium	A1
SACCONET	International Conference on Smart Communications in Network Technologies	B5
SAC	Workshop on Selected Areas in Cryptography	A2
SAFECOMP	International Conference on Computer Safety, Reliability, and Security	B1
SAM	WC International Conference on Security and Management	B5
SAMOS	International Conference on Embedded Computer Systems: Architectures, Modeling and Simulation	B1
SANER	IEEE International Conference on Software Analysis, Evolution and Reengineering	B2
SASO	International Conference on Self-Adaptive and Self-Organizing Systems	B1
SAST	Brazilian Workshop on Systematic and Automated Software Testing	B5
SAT	International Conference on Theory and Applications of Satisfiability Testing	A2
SBACPAD	International Symposium on Computer Architecture and High Performance Computing Workshop	B4
SBAC-PAD	International Symposium on Computer Architecture and High Performance Computing	(SBAC-PAD)	B1
SBBD	Simpósio Brasileiro de Banco de Dados	B2
SBBD	Brazilian Symposium on Databases	B2
SBCARS	2016 X Brazilian Symposium on Software Components	B3
SBCARS	2016 X Brazilian Symposium on Components	B3
SBCARS	IX Brazilian Symposium on Components	B3
SBCARS	Brazilian Symposium on Components, Architectures and Reuse Software	B3
SBCCI	Symposium on Integrated Circuits and Systems Design	B3
SBCM	Simpósio Brasileiro de Computação Musical	B4
SBCUP	Simpósio Brasileiro de Computação Ubíqua e Pervasiva	B4
SBES	Brazilian Symposium on Software Engineering	B2
SBES	Simpósio Brasileiro de Engenharia de Software	B2
SBES	the 30th Brazilian Symposium SBES	B2
SBGames	Simpósio Brasileiro de Jogos e Entretenimento Digitali	B2
SBGAMES	2014 Brazilian Symposium on Computer Games and Digital Entertainment	B2
SBESC	Simposio Brasileiro de Engenharia de Sistemas	B3
SBESC	Brazilian Symposium on Computing System Engineering	B3
SBESC	2014 Brazilian Symposium on Computing Systems Engineering (SBESC)	B3
SBIA	Brazilian Symposium on Artificial Intelligence	B2
SBIAGRO	Congresso Brasileiro de Agroinformática	B5
SBIE	Simpósio Brasileiro de Informática na Educação	B1
SBLP	Brazilian Symposium on Programming Languages	B3
SBMF	Brazilian Symposium on Formal Methods	B3
SBMicro	Symposium on Microelectronics Technology and Devices	B4
SBPO	Simpósio Brasileiro de Pesquisa Operacional	B4
SBQS	Simpósio Brasileiro de Qualidade de Software	B3
SBRC	Simpósio Brasileiro de Redes de Computadores e Sistemas Distribuídos	B2
SBRC	XXXIV Simpósio Brasileiro de Redes de Computadores e Sistemas Distribuídos	B2
SBRC	2015 XXXIII Simpósio Brasileiro de Redes de Computadores e Sistemas Distribuídos	B2
SBSC	Simpósio Brasileiro de Sistemas Colaborativos	B3
SBSeg	Simpósio Brasileiro em Segurança da Informação e de Sistemas Computacionais	B3
SBSI	Simpósio Brasileiro de Sistemas de Informação	B3
SC	International Conference for High Performance Computing, Networking, Storage and Analysis	A1
SCAM	IEEE International Working Conference on Source Code Analysis and Manipulation	B1
SCCC	International Conference of the Chilean Computer Science Society	B3
SCCTSA	International Workshop on Smart City Clouds: Technologies, Systems and Applications	B5
SCSS	International Symposium on Symbolic Computation in Software Science	B4
SDE	IEEE Symposium on Differential Evolution	B4
SDM	SIAM International Conference on Data Mining	A1
SEAA	Euromicro Conference on Software Engineering and Advanced Applications	B1
SECURWARE	IARIA International Conference on Emerging Security Information, Systems and Technologies	B5
SEFM	International Conference on Software Engineering and Formal Methods	B1
SEKE	International Conference on Software Engineering and Knowledge Engineering	B1
SEKE	International Conference on Software Engineering and Knowledge Engineering (SEKE)	B1
SEKE	SEKE 2015 - 015 International Conference on Software Engineering and Knowledge Engineering	B1
SEKE	The 27th International Conference on Software Engineering and Knowledge Engineering	B1
SELCE	"Workshop on Silicon Errors in Logic – System Effects "	B5
SEMAPRO	IARIA International Conference on Advances in Semantic Processing	B5
SemEval	International Workshop on Semantic Evaluation	B5
SEMISH	Seminário Integrado de Software e Hardware	B4
SENSORNETS	International Conference on Sensor Networks	B3
SenSys	ACM Conference on Embedded Network Sensor Systems	A1
SERP	WC International Conference on Software Engineering Research and Practice	B5
SERVICES	IEEE World Congress on Services	A2
SIBGRAPI	27th SIBGRAPI Conference on Graphics	B1
SIBGRAPI	Conference on Graphics SIBGRAPI	B1
SIBGRAPI	Conference on Graphics, Patterns and Images	B1
SIGCOMM	ACM SIGCOMM Conference	A1
SIGCSE	ACM Technical Symposium on Computer Science Education	A1
SIGDOC	International Conference on Design of Communication	B2
SIGIR	"International ACM SIGIR Conference on Research and Development in Information Retrieval"	A1
SIGKDD	ACM International Conference on Knowledge Discovery and Data Mining	A1
SIGMOD	ACM Conference on Management Data	A1
SIIE	Simpósio Internacional de Informática Educatica	B3
SIMULTECH	International Conference on Simulation and Modeling Methodologies, Technologies and Applications	B2
SIMUTools	International Conference on Simulation Tools and Techniques	B1
SISAP	International Conference on Similarity Search and Applications		B2
SLISW	Simposio Latinoamericano de Ingeniería de Software	B5
SLT	Workshop on Spoken Language Technology	A2
SKD	Symposium on Knowledge Discovery	C
SMARTGREENS	International Conference on Smart Grids and Green ICT Systems	B3
SmartGridComm	IEEE International Conference on Smart Grid Communications	A1
SMC	IEEE International Conference on Systems, Man and Cybernetics	A2
SOC	International Symposium on System-on-Chip	B3
SOCC	IEEE International System-on-Chip Conference	B2
SocialCom	International Conference on Social Computing	A1
SocInfo	International Conference on Social Informatics	B1
SOCM	International Workshop on the Theory and Practice of Social Machines	B4
SC	Intentational Conference on Software Composition	B4
SoCS	International Symposium on Combinatorial Search	B1
SOFSEM	International Conference on Current Trends in Theory and Practice of Computer Science	B1
SOFTSEM	International Conference on Current Trends in Theory and Practice of Computer Science	B1
SoftCOM	International Conference on Software, Telecommunications and Computer Networks	B1
SOFTENG	IARIA International Conference on Advances and Trends in Software Engineering	B5
SOSE	IEEE International Symposium on Service-Oriented System Engineering	B1
SPA	Signal Processing: Algorithms, Architectures, Arrangements, and Applications Conference	B3
SPIRE	"International Symposium on String Processing and Information Retrieval "	B1
SPLASH	ACM SIGPLAN Conference on Systems, Programming, Languages and Applications: Software for Humanity	B1
SPLC	International Software Product Line Conference: New Directions in Systems and Software Product Line Engineering	A1
SPLC	International Software Product Line Conference	A1
SPLC	18th International Software Product Line Conference	A1
SRDS	IEEE Symposium on Reliable Distributed Systems	B1
SSBSE	International Symposium on Search Based Software Engineering	B1
SSCI	IEEE Symposium Series on Computational Intelligence Multiconference	B4
SSDBM	International Conference on Scientific and Statistical Database Management	B1
SSPR	International Workshop on Structural and Syntactic Pattern Recognition	B2
STIL	Brazilian Symposium in Information and Human Language Technology	B3
SugarLoafPLop	Latin American Conference on Pattern Languages of Programming	B4
SUM	International Conference on Scalable Uncertainty Management	B1
SummerSim	Summer Simulation Multi-conference	B4
SustainIT	Conference on Sustainable Internet and ICT for Sustainability	B4
SVR	Symposium on Virtual and Augmented Reality	B2
SWEET	Workshop on Scalable Workflow Execution Engines and Technologies	B4
SWWS	WC International Conference on Semantic Web and Web Services	B5
SYSCON	IEEE International Systems Conference	B3
T&DLA	IEEE PES Transmission & Distribution Conference and Exposition Latin America	B4
TAROS	Towards Autonomous Robotics Systems	B2
TEI	International Conference on Tangible, Embedded and Embodied Interaction	B4
ToRPorEsp	Workshop on Tools and Resources for Automatically Processing Portuguese and Spanish	B5
TPDL	International Conference on Theory and Practice of Digital Libraries	B1
TrustCom	International Conference on Trust, Security and Privacy in Computing and Communications	A2
TSD	International Conference on Text, Speech and Dialogue	B2
UBICOMM	IARIA International Conference on Mobile Ubiquitous Computing, Systems, Services and Technologies	B5
UbiComp	ACM International Joint Conference on Pervasive and Ubiquitous Computing	A1
UCC	IEEE/ACM International Conference on Utility and Cloud Computing	A2
UIC	IEEE International Conference on Ubiquitous Intelligence and Computing	B2
UKSim	International Conference on Modelling and Simulation	B1
URBCOMP	International Workshop on Urban Computing	B5
VACE	the 1st International Workshop on VACE	C
VACE	International Workshop on Variability and Complexity in Software Design	C
VaMoS	International Workshop on Variability Modelling of Software-intensive Systems	A2
VaMoS	the Ninth International Workshop	A2
VAST	IEEE Conference on Visual Analytics Science and Technology	A2
VCIP	IEEE International Conference on Visual Communications and Image Processing	B1
VEM	Brazilian Workshop on Software Visualization, Evolution and Maintenance	B5
VEM	Workshop Brasileiro de Visualização, Evolução e Manutenção de Software	B5
VEM	IV Workshop on Software Visualization	B5
VEM	Workshop on Software Visualization, Evolution and Maintenance	B5
VISAPP	International Conference on Computer Vision Theory and Applications	B1
VISSOFT	IEEE Working Conference on Software Visualization	B2
VLHCC	IEEE Symposium on Visual Languages and Human-Centric Computing	B1
VLSI-SOC	International Conference on Very Large Scale Integration	B1
VLSID	International Conference on VLSI Design	B1
VNC	IEEE Vehicular Networking Conference	B2
VPQM	International Workshop on Video Processing and Quality Metrics for Consumer Electronics	B5
VRCIA	International Conference on Virtual Reality Continuum and its Applications	B1
VRST	ACM Symposium on Virtual Reality Software and Technology	B2
VTS	IEEE VLSI Test Symposium	B1
W2GIS	International Symposium Web and Wireless Geographical Information Systems	B2
WABI	Workshop on Algorithms in Bioinformatics	B1
WAC	Web as Corpus Workshop	B5
WACV	Winter Conference on Applications of Computer Vision	A1
WALCOM	International Workshop on Algorithms and Computation	B2
WAMCA	Workshop on Applications for Multi-Core Architectures	B4
WAOA	Workshop on Approximation and Online Algorithms	B2
WCAMA	Workshop de Computação Aplicada à Gestão do Meio Ambiente e Recursos Naturais	B5
WCAS	Workshop on Circuits and Systems Design	B5
WCGE	Workshop de Computação Aplicada ao Governo Eletrônico	B5
WCNC	IEEE Wireless Communications and Networking Conference	B1
WCRE	Working Conference on Reverse Engineering	A2
WD	Wireless Days Conference	B1
WDES	Workshop de Desenvolvimento Distribuído de Software	B5
WEA	International Workshop on Ecosystems Architectures	B4
WEA	IV International Workshop on Ecosystems Architectures	B4
WEA	Workshop on Experimental and Efficient Algorithms	A2
WEAC	Workshop sobre Educação em Arquitetura de Computadores	B5
WearSys	Workshop on Wearable Systems and Applications	B4
WEB3D	International Conference on 3D Web Technology	B1
WIC	International Conference on Web Intelligence	B1
WEBIST	International Conference on Web Information Systems and Technologies	B2
WEBMIDIA	Brazilian Symposium on Multimedia and the Web	B3
WEBMIDIA	Webmedia	B3
WEBMIDIA	the 21st Brazilian on	B3
WebSci	Web Science Conference	A2
WEI	Workshop sobre Educação em Computação	B3
WER	Workshop on Requirements Engineering	B5
WESB	Workshop de Engenharia de Software Baseada em Busca	B5
WETICE	IEEE International Conference on Enabling Technologies: Infrastructure for Collaborative Enterprises	B1
WF-IoT	IEEE World Forum on Internet of Things	B3
WFA	Workshop de Ferramentas e Aplicações	B5
WFCS	IEEE World Conference on Factory Communication Systems	B3
WG	International Workshop on Graph-Theoretic Concepts in Computer Science	B2
WHC	World Haptics Conference	B5
WI-WIC	IEEE/WIC/ACM International Conference on Web Intelligence and Intelligent Agent Technology	B1
WICSA	Working IEEE/IFIP Conference on Software Architecture	B1
WIE	Workshop de Informática na Escola	B3
WIM	Workshop de Informática Médica	B4
WiMob	International Conference on Wireless and Mobile Computing, Networking and Communications	A2
WISE	International Conference on Web Information Systems Engineering	B1
WiSec	ACM Conference on Security & Privacy in Wireless and Mobile Networks	B2
WISM	Workshop on Web Information Systems Modeling	B5
WMNC	Wireless and Mobile Networking Conference	B2
WMOD	"Workshop on Software Modularity "	B5
WNUT	Workshop on Noisy User-generated Text	B4
WOCC	Wireless and Optical Communications Conference	B2
WOCCES	Workshop de Comunicação em Sistemas Embarcados Crítico	B5
WoLLIC	Workshop on Logic, Language, Information and Computation	B2
WoMO	"International Workshop on Modular Ontologies "	B5
WoWMoM	International Symposium on a World of Wireless, Mobile and Multimedia Networks	A2
WP2P+	Workshop de Redes P2P, Dinâmicas, Sociais e Orientadas a Conteúdo	B5
WPEIF	Workshop de Pesquisa Experimental da Internet do Futuro	B5
Wperformance	Workshop em Desempenho de Sistemas Computacionais e de Comunicação	B3
WRVA	Workshop de Realidade Virtual e Aumentada	B5
WSA	Track on Women in Software Architecture	C
WSC	Winter Simulation Conference	B2
WSCAD	Simpósio em Sistemas Computacionais de Alto Desempenho	B3
WSCG	International Conference in Central Europe on Computer Graphics and Visualization and Computer Vision	B3
WSDM	ACM Conference International Conference on Web Search and Data Mining	A1
WTRANS	Workshop de Transparência de Sistema	B5
WTTM	Workshop on the Theory of Transactional Memory	B5
WUWNet	International Conference on UnderWater Networks and Systems	B2
WVC	Workshop de Visão Computacional	B5
WWW	International World Wide Web Conferences	A1
WWWW	International World Wide Web Conference (Workshops)	B4
XP	International Conference on Agile Software Development	B1
